{"version":2,"languages":{"nodejs-npm":{"specfileHash":"67ea7ea85dcafbc4cdbb11ce19cccfbd","lockfileHash":"726fa36299cab29b5450ee650b8c55be","guessedImports":["vite","@vitejs/plugin-vue","vue","quasar","@quasar/extras","vuex","vue-router"],"guessedImportsHash":"d48f14043ae110d09b545bb62c4bdb8d"},"nodejs-yarn":{"specfileHash":"9c7134155a602c555dd1acb4949c3d60","lockfileHash":"2430d565c4b767501d30ce7b10f50a7c","guessedImports":["@vitejs/plugin-vue","vue"],"guessedImportsHash":"235bea674db17af72541a907bd889b58"}}}
